<?xml version="1.0" encoding="UTF-8" standalone="yes"?>
<sbe:messageSchema xmlns:sbe="http://fixprotocol.io/2016/sbe"
                   package="io.aeron.cluster.codecs"
                   id="1"
                   version="0"
                   semanticVersion="5.2"
                   description="Message Codecs for communicating with and within an Aeron Cluster"
                   byteOrder="littleEndian">
    <types>
        <composite name="messageHeader" description="Message identifiers and length of message root">
            <type name="blockLength" primitiveType="uint16"/>
            <type name="templateId"  primitiveType="uint16"/>
            <type name="schemaId"    primitiveType="uint16"/>
            <type name="version"     primitiveType="uint16"/>
        </composite>
        <composite name="groupSizeEncoding" description="Repeating group dimensions">
            <type name="blockLength" primitiveType="uint16"/>
            <type name="numInGroup"  primitiveType="uint16"/>
        </composite>
        <composite name="varAsciiEncoding">
            <type name="length"      primitiveType="uint32" maxValue="1073741824"/>
            <type name="varData"     primitiveType="uint8" length="0" characterEncoding="US-ASCII"/>
        </composite>
        <enum name="SessionResponseCode" encodingType="int32">
            <validValue name="OK">0</validValue>
            <validValue name="ERROR">1</validValue>
            <validValue name="REDIRECT">2</validValue>
        </enum>
        <type name="time_t" primitiveType="int64" description="Unix epoch time"/>
    </types>

    <!--
        Cluster Session Protocol Messages
        =================================

        Connect Session
        - If requested is served by the leader then a session is opened.
        - If the request is served by a follower then a REDIRECT response will provide the detail of the current leader.

        State Machine Interaction
        - User messages are sent to the state machine with a StateMachineMessageHeader followed by user payload.
        - The state machine will emit responses and events with a StateMachineMessageHeader follow by a payload.
        - If the leader changes during a session then a REDIRECT response will provide the detail of the current leader.

        Close Session
        - A cluster session can be closed with a CloseSessionRequest
    -->

    <sbe:message name="SessionResponse"
                 id="1"
                 description="Generic response to a session request. Details will be empty if code is OK.">
        <field name="clusterSessionId"   id="1" type="int64"
               description="Session id for a multiplexed session over a shared connection, i.e. same Image."/>
        <field name="correlationId"      id="2" type="int64"
               description="Request correlation id with which this response is associated."/>
        <field name="code"               id="3" type="SessionResponseCode"
               description="code type of the response"/>
        <data  name="detail"             id="4" type="varAsciiEncoding"
               description="Detail for a REDIRECT or ERROR response code."/>
    </sbe:message>

    <sbe:message name="ConnectSessionRequest"
                 id="2"
                 description="Request a connection to the cluster and if successful then open a session.">
        <field name="correlationId"      id="1" type="int64"/>
        <field name="responseStreamId"   id="2" type="int32"/>
        <data  name="responseChannel"    id="3" type="varAsciiEncoding"/>
    </sbe:message>

    <sbe:message name="StateMachineMessageHeader"
                 id="3"
                 description="Header for clustered state machine ingress and egress session messages.">
        <field name="correlationId"      id="1" type="int64"/>
        <field name="clusterSessionId"   id="2" type="int64"/>
        <field name="timestamp"          id="3" type="time_t"/>
    </sbe:message>

    <sbe:message name="CloseSessionRequest"
                 id="4"
                 description="Close an existing cluster session.">
        <field name="clusterSessionId"   id="1" type="int64"/>
    </sbe:message>

    <sbe:message name="TimerEvent"
                 id="5"
                 description="Timer triggered event as the result of registering a timer and the deadline passing.">
        <field name="correlationId"      id="1" type="int64"/>
        <field name="timestamp"          id="2" type="time_t"/>
    </sbe:message>

    <!-- Cluster Consensus Protocol Messages -->

</sbe:messageSchema>
