<?xml version="1.0" encoding="UTF-8" standalone="yes"?>
<sbe:messageSchema xmlns:sbe="http://fixprotocol.io/2016/sbe"
                   package="io.aeron.archive.codecs"
                   id="1"
                   version="0"
                   semanticVersion="5.2"
                   description="Message Codecs for communicating with an Aeron Archive"
                   byteOrder="littleEndian">
    <types>
        <composite name="messageHeader" description="Message identifiers and length of message root">
            <type name="blockLength" primitiveType="uint16"/>
            <type name="templateId"  primitiveType="uint16"/>
            <type name="schemaId"    primitiveType="uint16"/>
            <type name="version"     primitiveType="uint16"/>
        </composite>
        <composite name="groupSizeEncoding" description="Repeating group dimensions">
            <type name="blockLength" primitiveType="uint16"/>
            <type name="numInGroup"  primitiveType="uint16"/>
        </composite>
        <composite name="varAsciiEncoding">
            <type name="length"      primitiveType="uint32" maxValue="1073741824"/>
            <type name="varData"     primitiveType="uint8" length="0" characterEncoding="US-ASCII"/>
        </composite>
        <enum name="ControlResponseCode" encodingType="int32">
            <validValue name="OK">0</validValue>
            <validValue name="ERROR">1</validValue>
            <validValue name="RECORDING_UNKNOWN">2</validValue>
        </enum>
        <enum name="SourceLocation" encodingType="uint8">
            <validValue name="LOCAL">0</validValue>
            <validValue name="REMOTE">1</validValue>
        </enum>
        <type name="time_t" primitiveType="int64" description="Unix epoch time"/>
    </types>

    <!-- Control Protocol Messages -->

    <sbe:message name="ControlResponse"
                 id="1"
                 description="Generic response to a control request. Error message will be empty if code is OK.">
        <field name="controlSessionId"   id="1" type="int64"
               description="Session id for a multiplexed session over a shared connection, i.e. same Image."/>
        <field name="correlationId"      id="2" type="int64"
               description="Request correlation id with which this response is associated"/>
        <field name="relevantId"         id="3" type="int64"
               description="Relevant identity of requested object, e.g. recordingId if RECORDING_UNKNOWN"/>
        <field name="code"               id="4" type="ControlResponseCode"
               description="code type of the response"/>
        <data  name="errorMessage"       id="5" type="varAsciiEncoding"
               description="Detailed error message which is valid in the case of ERROR code"/>
    </sbe:message>

    <sbe:message name="ConnectRequest"
                 id="2"
                 description="Request a connection to an archive and provide response details for the control session">
        <field name="correlationId"      id="1" type="int64"/>
        <field name="responseStreamId"   id="2" type="int32"/>
        <data  name="responseChannel"    id="3" type="varAsciiEncoding"/>
    </sbe:message>

    <sbe:message name="CloseSessionRequest"
                 id="3"
                 description="Close an existing control session">
        <field name="controlSessionId"   id="1" type="int64"/>
    </sbe:message>

    <sbe:message name="StartRecordingRequest"
                 id="4"
                 description="Request a channel:stream be recorded">
        <field name="controlSessionId"   id="1" type="int64"/>
        <field name="correlationId"      id="2" type="int64"/>
        <field name="streamId"           id="3" type="int32"/>
        <field name="sourceLocation"     id="4" type="SourceLocation"/>
        <data  name="channel"            id="5" type="varAsciiEncoding"/>
    </sbe:message>

    <sbe:message name="StopRecordingRequest"
                 id="5"
                 description="Request a channel:stream stop recording">
        <field name="controlSessionId"   id="1" type="int64"/>
        <field name="correlationId"      id="2" type="int64"/>
        <field name="streamId"           id="3" type="int32"/>
        <data  name="channel"            id="4" type="varAsciiEncoding"/>
    </sbe:message>

    <sbe:message name="ReplayRequest"
                 id="6"
                 description="Replay recording range request">
        <field name="controlSessionId"   id="1" type="int64"/>
        <field name="correlationId"      id="2" type="int64"/>
        <field name="recordingId"        id="3" type="int64"/>
        <field name="position"           id="4" type="int64"/>
        <field name="length"             id="5" type="int64"/>
        <field name="replayStreamId"     id="6" type="int32"/>
        <data  name="replayChannel"      id="7" type="varAsciiEncoding"/>
    </sbe:message>

    <sbe:message name="ListRecordingsRequest"
                 id="7"
                 description="Request a range of recording descriptors">
        <field name="controlSessionId"   id="1" type="int64"/>
        <field name="correlationId"      id="2" type="int64"/>
        <field name="fromRecordingId"    id="3" type="int64"/>
        <field name="recordCount"        id="4" type="int32"/>
    </sbe:message>

    <sbe:message name="ListRecordingsForUriRequest"
                 id="8"
                 description="Request a range of recording descriptors">
        <field name="controlSessionId"   id="1" type="int64"/>
        <field name="correlationId"      id="2" type="int64"/>
        <field name="fromRecordingId"    id="3" type="int64"/>
        <field name="recordCount"        id="4" type="int32"/>
        <field name="streamId"           id="5" type="int32"/>
        <data  name="channel"            id="6" type="varAsciiEncoding"/>
    </sbe:message>

    <!-- Archive Catalog Metadata -->

    <sbe:message name="CatalogHeader"
                 id="9"
                 description="Used as first element in Catalog to set the version and length of entries">
        <field name="version"            id="1" type="int32"/>
        <field name="entryLength"        id="2" type="int32"/>
    </sbe:message>

    <sbe:message name="RecordingDescriptorHeader"
                 id="10"
                 description="For use in the catalog to describe the recording descriptor entry">
        <field name="length"             id="1" type="int32"/>
        <field name="valid"              id="2" type="int8"/>
        <field name="reserved"           id="3" type="int8" offset="31"/>
    </sbe:message>

    <!-- Records in the Catalog which describing recordings that can also be listed on the Control Protocol -->

    <sbe:message name="RecordingDescriptor"
                 id="11"
                 description="Describes a recording in the catalog">
        <field name="controlSessionId"   id="1"  type="int64"/>
        <field name="correlationId"      id="2"  type="int64"/>
        <field name="recordingId"        id="3"  type="int64"/>
        <field name="startTimestamp"     id="4"  type="time_t"/>
        <field name="stopTimestamp"      id="5"  type="time_t"/>
        <field name="startPosition"      id="6"  type="int64"/>
        <field name="stopPosition"       id="7"  type="int64"/>
        <field name="initialTermId"      id="8"  type="int32"/>
        <field name="segmentFileLength"  id="9"  type="int32"/>
        <field name="termBufferLength"   id="10" type="int32"/>
        <field name="mtuLength"          id="11" type="int32"/>
        <field name="sessionId"          id="12" type="int32"/>
        <field name="streamId"           id="13" type="int32"/>
        <data  name="strippedChannel"    id="14" type="varAsciiEncoding"/>
        <data  name="originalChannel"    id="15" type="varAsciiEncoding"/>
        <data  name="sourceIdentity"     id="16" type="varAsciiEncoding"/>
    </sbe:message>

    <!-- Progress Events for Active Recordings -->

    <sbe:message name="RecordingStarted"
                 id="101"
                 description="Describes a new image recording, sent both as notification and reply">
        <field name="recordingId"        id="1" type="int64"/>
        <field name="startPosition"      id="2" type="int64"/>
        <field name="sessionId"          id="3" type="int32"/>
        <field name="streamId"           id="4" type="int32"/>
        <data  name="channel"            id="5" type="varAsciiEncoding"/>
        <data  name="sourceIdentity"     id="6" type="varAsciiEncoding"/>
    </sbe:message>

    <sbe:message name="RecordingProgress"
                 id="102"
                 description="Recording progress notification for an image">
        <field name="recordingId"        id="1" type="int64"/>
        <field name="startPosition"      id="2" type="int64"/>
        <field name="position"           id="3" type="int64"/>
    </sbe:message>

    <sbe:message name="RecordingStopped"
                 id="103"
                 description="Recording termination notification">
        <field name="recordingId"        id="1" type="int64"/>
        <field name="startPosition"      id="2" type="int64"/>
        <field name="stopPosition"       id="3" type="int64"/>
    </sbe:message>

</sbe:messageSchema>
